Deductee Name,PAN,Section,Date,Amount Paid/Credited,Tax Deducted,Challan No.,Deposit Date
Contractor A,AAAPA1234C,194C,2025-06-05,500000,10000,CHLN00123,2025-06-07
Contractor B,BBBPB2345D,194C,2025-06-08,300000,6000,,2025-06-10
Professional C,CCCPC3456E,194J,2025-06-10,200000,15000,CHLN00124,2025-06-12
Rent D,DDDPD4567F,194I,2025-06-11,100000,12000,CHLN00125,2025-06-13
Vendor E Pvt Ltd,EEEPE5678G,194C,2025-06-14,250000,5000,CHLN00126,2025-06-16
Vendor F,FFFPF6789H,194C,2025-06-15,150000,3000,,2025-06-17
Vendor G,GGGPG7890I,194C,2025-06-18,400000,8001,CHLN00128,2025-06-20
Vendor H,HHHPH8901J,194C,2025-06-20,50000,0,,
Vendor H,HHHPH8901J,194C,2025-06-25,50000,0,,
